{
  "min": [0, 0.508592411488102, 0.000004998224510326388, 1.0017879690104705, 0],
  "max": [1, 9.991860092648043, 0.11996959348562394, 29.998121416116852, 1]
}
